{
  "moderner_beta:config/beta_climatic_colors": {
    "sky": true,
    "vegetation": true,
    "water": false
  },
  "moderner_beta:config/pe_climatic_colors": {
    "sky": false,
    "vegetation": false,
    "water": false
  },
  "moderner_beta:config/beta_fractal_climatic_colors": {
    "sky": true,
    "vegetation": true,
    "water": false
  },
  "moderner_beta:config/biome_preview_colors": {
    "minecraft:old_growth_pine_taiga": 5858897,
    "moderner_beta:pe_cold_ocean": 2105456,
    "minecraft:mushroom_fields": 16711935,
    "minecraft:taiga": 748127,
    "minecraft:deep_ocean": 48,
    "moderner_beta:beta_rainforest": 588342,
    "moderner_beta:late_beta_plains": 9286496,
    "minecraft:badlands*plateau": 13274213,
    "moderner_beta:early_release_ice_plains": 16777215,
    "moderner_beta:pe_rainforest": 588342,
    "minecraft:snowy_taiga*mountains": 5864818,
    "minecraft:eroded_badlands": 16739645,
    "moderner_beta:late_beta_taiga*hills": 1456435,
    "minecraft:sunflower_plains": 11918216,
    "moderner_beta:beta_cold_ocean": 2105456,
    "minecraft:windswept_hills*edge": 7501978,
    "minecraft:wooded_badlands": 11573093,
    "minecraft:taiga*mountains": 3379847,
    "moderner_beta:late_beta_ice_plains*hills": 10526880,
    "minecraft:snowy_taiga*hills": 2375478,
    "minecraft:savanna_plateau": 10984804,
    "moderner_beta:beta_forest": 353825,
    "minecraft:beach": 16440917,
    "minecraft:dark_forest": 4215066,
    "minecraft:stony_peaks": 8097652,
    "minecraft:mangrove_swamp": 2935950,
    "minecraft:old_growth_pine_taiga*hills": 4542270,
    "minecraft:stony_shore": 10658436,
    "minecraft:sparse_jungle*modified": 8960823,
    "minecraft:snowy_taiga": 3233098,
    "minecraft:dripstone_caves": 5124114,
    "moderner_beta:early_release_extreme_hills*edge": 7501978,
    "minecraft:old_growth_spruce_taiga*hills": 7173990,
    "moderner_beta:beta_savanna": 14278691,
    "moderner_beta:beta_tundra": 5761881,
    "moderner_beta:beta_oak_forest": 353825,
    "moderner_beta:late_beta_extreme_hills*edge": 7501978,
    "minecraft:jungle*modified": 7906098,
    "minecraft:windswept_gravelly_hills*modified": 8625018,
    "minecraft:grove": 4682348,
    "minecraft:jagged_peaks": 14474440,
    "moderner_beta:late_beta_extreme_hills": 6316128,
    "minecraft:desert*hills": 13786898,
    "minecraft:cold_ocean": 2105456,
    "moderner_beta:beta_sky": 8421631,
    "minecraft:basalt_deltas": 6578019,
    "minecraft:lush_caves": 2636800,
    "moderner_beta:beta_desert": 16421912,
    "minecraft:deep_cold_ocean": 2105400,
    "minecraft:birch_forest*hills": 2055986,
    "moderner_beta:late_beta_swampland": 522674,
    "minecraft:deep_frozen_ocean": 4210832,
    "minecraft:jungle": 5274378,
    "minecraft:end_barrens": 7368908,
    "minecraft:warm_ocean": 172,
    "moderner_beta:pe_frozen_ocean": 7368918,
    "moderner_beta:late_beta_ice_plains": 16777215,
    "moderner_beta:beta_seasonal_forest": 10215459,
    "minecraft:flower_forest": 2985545,
    "moderner_beta:pe_swampland": 522674,
    "moderner_beta:early_release_swampland": 522674,
    "moderner_beta:pe_seasonal_forest": 10215459,
    "minecraft:forest*hills": 2250012,
    "minecraft:frozen_peaks": 11580366,
    "minecraft:the_end": 8421631,
    "minecraft:bamboo_jungle*hills": 6056964,
    "moderner_beta:beta_lukewarm_ocean": 144,
    "minecraft:small_end_islands": 4934571,
    "minecraft:old_growth_birch_forest": 5807212,
    "moderner_beta:pe_taiga": 3060051,
    "moderner_beta:early_release_taiga*hills": 1456435,
    "minecraft:crimson_forest": 9968145,
    "minecraft:the_void": 0,
    "minecraft:deep_dark": 204585,
    "moderner_beta:early_release_ice_plains*hills": 10526880,
    "moderner_beta:pe_plains": 16767248,
    "minecraft:plains": 9286496,
    "moderner_beta:pe_savanna": 14278691,
    "minecraft:mushroom_fields*shore": 10486015,
    "moderner_beta:pe_lukewarm_ocean": 144,
    "moderner_beta:early_release_extreme_hills": 6316128,
    "minecraft:snowy_slopes": 12895428,
    "moderner_beta:pe_desert": 16421912,
    "moderner_beta:pe_warm_ocean": 172,
    "moderner_beta:pe_ice_desert": 16772499,
    "minecraft:river*region_a": 8323327,
    "minecraft:river*region_b": 32767,
    "minecraft:badlands*modified_plateau": 15905933,
    "moderner_beta:pe_forest": 353825,
    "minecraft:windswept_savanna*plateau": 13616524,
    "minecraft:frozen_river": 10526975,
    "moderner_beta:beta_taiga": 3060051,
    "minecraft:end_highlands": 11908406,
    "minecraft:cherry_grove": 16749000,
    "minecraft:birch_forest": 3175492,
    "minecraft:old_growth_birch_forest*hills": 4687706,
    "minecraft:windswept_hills": 6316128,
    "moderner_beta:beta_swampland": 522674,
    "moderner_beta:beta_warm_ocean": 172,
    "minecraft:bamboo_jungle": 8688896,
    "minecraft:badlands": 14238997,
    "moderner_beta:pe_ocean": 112,
    "moderner_beta:pe_tundra": 5761881,
    "moderner_beta:late_beta_taiga": 748127,
    "moderner_beta:beta_ocean": 112,
    "minecraft:sparse_jungle": 6329103,
    "minecraft:river": 255,
    "minecraft:lukewarm_ocean": 144,
    "minecraft:snowy_plains": 16777215,
    "minecraft:warped_forest": 4821115,
    "minecraft:the_void*mutation": 16711935,
    "minecraft:dark_forest*hills": 6846786,
    "moderner_beta:pe_shrubland": 10595616,
    "moderner_beta:beta_oak_taiga": 3060051,
    "moderner_beta:beta_frozen_ocean": 7368918,
    "minecraft:swamp": 522674,
    "minecraft:desert*lakes": 16759872,
    "moderner_beta:beta_shrubland": 10595616,
    "minecraft:snowy_plains*hills": 10526880,
    "minecraft:forest": 353825,
    "minecraft:wooded_badlands*modified": 14204813,
    "minecraft:ice_spikes": 11853020,
    "minecraft:frozen_ocean": 7368918,
    "minecraft:end_midlands": 13224281,
    "minecraft:desert": 16421912,
    "minecraft:windswept_forest": 5993298,
    "minecraft:ocean": 112,
    "minecraft:old_growth_spruce_taiga": 8490617,
    "moderner_beta:early_release_taiga": 748127,
    "minecraft:snowy_beach": 16445632,
    "minecraft:windswept_savanna": 15063687,
    "minecraft:deep_lukewarm_ocean": 64,
    "moderner_beta:beta_ice_desert": 16772499,
    "minecraft:jungle*hills": 2900485,
    "minecraft:nether_wastes": 5711142,
    "minecraft:soul_sand_valley": 5061166,
    "minecraft:taiga*hills": 1456435,
    "minecraft:swamp*hills": 3145690,
    "moderner_beta:beta_plains": 16767248,
    "minecraft:meadow": 6333509,
    "minecraft:windswept_gravelly_hills": 8947848,
    "minecraft:savanna": 12431967,
    "minecraft:pale_garden": 6909333
  },
  "moderner_beta:config/miscellaneous": {
    "oldFogColorWeighting": true,
    "defaultSettingsPreset": "moderner_beta:beta"
  }
}